month,ai_subfield,ai_paper_count
2017-01-01,Computer_Vision,261
2017-01-01,General_AI,138
2017-01-01,LLM_NLP,113
2017-01-01,Machine_Learning,323
2017-01-01,Neural_Networks,51
2017-01-01,Robotics,19
2017-02-01,Computer_Vision,317
2017-02-01,General_AI,142
2017-02-01,LLM_NLP,157
2017-02-01,Machine_Learning,462
2017-02-01,Neural_Networks,69
2017-02-01,Robotics,27
2017-03-01,Computer_Vision,522
2017-03-01,General_AI,241
2017-03-01,LLM_NLP,168
2017-03-01,Machine_Learning,603
2017-03-01,Neural_Networks,103
2017-03-01,Robotics,48
2017-04-01,Computer_Vision,476
2017-04-01,General_AI,215
2017-04-01,LLM_NLP,235
2017-04-01,Machine_Learning,461
2017-04-01,Neural_Networks,94
2017-04-01,Robotics,24
2017-05-01,Computer_Vision,499
2017-05-01,General_AI,289
2017-05-01,LLM_NLP,193
2017-05-01,Machine_Learning,663
2017-05-01,Neural_Networks,93
2017-05-01,Robotics,31
2017-06-01,Computer_Vision,415
2017-06-01,General_AI,221
2017-06-01,LLM_NLP,187
2017-06-01,Machine_Learning,580
2017-06-01,Neural_Networks,92
2017-06-01,Robotics,36
2017-07-01,Computer_Vision,516
2017-07-01,General_AI,260
2017-07-01,LLM_NLP,286
2017-07-01,Machine_Learning,519
2017-07-01,Neural_Networks,86
2017-07-01,Robotics,41
2017-08-01,Computer_Vision,551
2017-08-01,General_AI,228
2017-08-01,LLM_NLP,232
2017-08-01,Machine_Learning,447
2017-08-01,Neural_Networks,64
2017-08-01,Robotics,35
2017-09-01,Computer_Vision,552
2017-09-01,General_AI,307
2017-09-01,LLM_NLP,224
2017-09-01,Machine_Learning,581
2017-09-01,Neural_Networks,83
2017-09-01,Robotics,75
2017-10-01,Computer_Vision,418
2017-10-01,General_AI,239
2017-10-01,LLM_NLP,194
2017-10-01,Machine_Learning,657
2017-10-01,Neural_Networks,76
2017-10-01,Robotics,55
2017-11-01,Computer_Vision,667
2017-11-01,General_AI,335
2017-11-01,LLM_NLP,245
2017-11-01,Machine_Learning,852
2017-11-01,Neural_Networks,126
2017-11-01,Robotics,43
2017-12-01,Computer_Vision,530
2017-12-01,General_AI,201
2017-12-01,LLM_NLP,165
2017-12-01,Machine_Learning,596
2017-12-01,Neural_Networks,86
2017-12-01,Robotics,28
2018-01-01,Computer_Vision,440
2018-01-01,General_AI,238
2018-01-01,LLM_NLP,147
2018-01-01,Machine_Learning,472
2018-01-01,Neural_Networks,61
2018-01-01,Robotics,27
2018-02-01,Computer_Vision,539
2018-02-01,General_AI,339
2018-02-01,LLM_NLP,197
2018-02-01,Machine_Learning,947
2018-02-01,Neural_Networks,115
2018-02-01,Robotics,48
2018-03-01,Computer_Vision,743
2018-03-01,General_AI,296
2018-03-01,LLM_NLP,221
2018-03-01,Machine_Learning,788
2018-03-01,Neural_Networks,104
2018-03-01,Robotics,69
2018-04-01,Computer_Vision,736
2018-04-01,General_AI,333
2018-04-01,LLM_NLP,358
2018-04-01,Machine_Learning,666
2018-04-01,Neural_Networks,115
2018-04-01,Robotics,68
2018-05-01,Computer_Vision,759
2018-05-01,General_AI,439
2018-05-01,LLM_NLP,435
2018-05-01,Machine_Learning,1055
2018-05-01,Neural_Networks,144
2018-05-01,Robotics,54
2018-06-01,Computer_Vision,724
2018-06-01,General_AI,400
2018-06-01,LLM_NLP,306
2018-06-01,Machine_Learning,1007
2018-06-01,Neural_Networks,118
2018-06-01,Robotics,48
2018-07-01,Computer_Vision,853
2018-07-01,General_AI,342
2018-07-01,LLM_NLP,249
2018-07-01,Machine_Learning,919
2018-07-01,Neural_Networks,93
2018-07-01,Robotics,86
2018-08-01,Computer_Vision,603
2018-08-01,General_AI,266
2018-08-01,LLM_NLP,430
2018-08-01,Machine_Learning,714
2018-08-01,Neural_Networks,66
2018-08-01,Robotics,47
2018-09-01,Computer_Vision,686
2018-09-01,General_AI,422
2018-09-01,LLM_NLP,405
2018-09-01,Machine_Learning,1005
2018-09-01,Neural_Networks,76
2018-09-01,Robotics,88
2018-10-01,Computer_Vision,689
2018-10-01,General_AI,421
2018-10-01,LLM_NLP,336
2018-10-01,Machine_Learning,1303
2018-10-01,Neural_Networks,107
2018-10-01,Robotics,85
2018-11-01,Computer_Vision,987
2018-11-01,General_AI,468
2018-11-01,LLM_NLP,414
2018-11-01,Machine_Learning,1365
2018-11-01,Neural_Networks,117
2018-11-01,Robotics,61
2018-12-01,Computer_Vision,832
2018-12-01,General_AI,316
2018-12-01,LLM_NLP,231
2018-12-01,Machine_Learning,1146
2018-12-01,Neural_Networks,92
2018-12-01,Robotics,53
2019-01-01,Computer_Vision,677
2019-01-01,General_AI,299
2019-01-01,LLM_NLP,203
2019-01-01,Machine_Learning,1144
2019-01-01,Neural_Networks,116
2019-01-01,Robotics,47
2019-02-01,Computer_Vision,635
2019-02-01,General_AI,296
2019-02-01,LLM_NLP,237
2019-02-01,Machine_Learning,1270
2019-02-01,Neural_Networks,82
2019-02-01,Robotics,63
2019-03-01,Computer_Vision,859
2019-03-01,General_AI,350
2019-03-01,LLM_NLP,263
2019-03-01,Machine_Learning,1156
2019-03-01,Neural_Networks,115
2019-03-01,Robotics,105
2019-04-01,Computer_Vision,1253
2019-04-01,General_AI,400
2019-04-01,LLM_NLP,477
2019-04-01,Machine_Learning,1402
2019-04-01,Neural_Networks,128
2019-04-01,Robotics,108
2019-05-01,Computer_Vision,1015
2019-05-01,General_AI,563
2019-05-01,LLM_NLP,409
2019-05-01,Machine_Learning,2086
2019-05-01,Neural_Networks,158
2019-05-01,Robotics,110
2019-06-01,Computer_Vision,926
2019-06-01,General_AI,466
2019-06-01,LLM_NLP,621
2019-06-01,Machine_Learning,1962
2019-06-01,Neural_Networks,129
2019-06-01,Robotics,114
2019-07-01,Computer_Vision,972
2019-07-01,General_AI,363
2019-07-01,LLM_NLP,389
2019-07-01,Machine_Learning,1601
2019-07-01,Neural_Networks,134
2019-07-01,Robotics,114
2019-08-01,Computer_Vision,1020
2019-08-01,General_AI,303
2019-08-01,LLM_NLP,524
2019-08-01,Machine_Learning,1367
2019-08-01,Neural_Networks,98
2019-08-01,Robotics,76
2019-09-01,Computer_Vision,1062
2019-09-01,General_AI,567
2019-09-01,LLM_NLP,699
2019-09-01,Machine_Learning,1821
2019-09-01,Neural_Networks,129
2019-09-01,Robotics,194
2019-10-01,Computer_Vision,1046
2019-10-01,General_AI,390
2019-10-01,LLM_NLP,579
2019-10-01,Machine_Learning,2294
2019-10-01,Neural_Networks,145
2019-10-01,Robotics,216
2019-11-01,Computer_Vision,1065
2019-11-01,General_AI,435
2019-11-01,LLM_NLP,631
2019-11-01,Machine_Learning,2118
2019-11-01,Neural_Networks,119
2019-11-01,Robotics,112
2019-12-01,Computer_Vision,1071
2019-12-01,General_AI,327
2019-12-01,LLM_NLP,361
2019-12-01,Machine_Learning,1737
2019-12-01,Neural_Networks,126
2019-12-01,Robotics,132
2020-01-01,Computer_Vision,781
2020-01-01,General_AI,352
2020-01-01,LLM_NLP,293
2020-01-01,Machine_Learning,1466
2020-01-01,Neural_Networks,113
2020-01-01,Robotics,114
2020-02-01,Computer_Vision,954
2020-02-01,General_AI,446
2020-02-01,LLM_NLP,362
2020-02-01,Machine_Learning,2317
2020-02-01,Neural_Networks,150
2020-02-01,Robotics,139
2020-03-01,Computer_Vision,1400
2020-03-01,General_AI,403
2020-03-01,LLM_NLP,358
2020-03-01,Machine_Learning,1894
2020-03-01,Neural_Networks,156
2020-03-01,Robotics,191
2020-04-01,Computer_Vision,1342
2020-04-01,General_AI,439
2020-04-01,LLM_NLP,889
2020-04-01,Machine_Learning,2040
2020-04-01,Neural_Networks,186
2020-04-01,Robotics,138
2020-05-01,Computer_Vision,1051
2020-05-01,General_AI,495
2020-05-01,LLM_NLP,853
2020-05-01,Machine_Learning,2002
2020-05-01,Neural_Networks,148
2020-05-01,Robotics,116
2020-06-01,Computer_Vision,1366
2020-06-01,General_AI,566
2020-06-01,LLM_NLP,491
2020-06-01,Machine_Learning,3386
2020-06-01,Neural_Networks,217
2020-06-01,Robotics,159
2020-07-01,Computer_Vision,1670
2020-07-01,General_AI,523
2020-07-01,LLM_NLP,405
2020-07-01,Machine_Learning,2462
2020-07-01,Neural_Networks,148
2020-07-01,Robotics,179
2020-08-01,Computer_Vision,1327
2020-08-01,General_AI,495
2020-08-01,LLM_NLP,384
2020-08-01,Machine_Learning,1851
2020-08-01,Neural_Networks,106
2020-08-01,Robotics,163
2020-09-01,Computer_Vision,1144
2020-09-01,General_AI,775
2020-09-01,LLM_NLP,575
2020-09-01,Machine_Learning,1900
2020-09-01,Neural_Networks,112
2020-09-01,Robotics,110
2020-10-01,Computer_Vision,1381
2020-10-01,General_AI,1103
2020-10-01,LLM_NLP,1309
2020-10-01,Machine_Learning,2999
2020-10-01,Neural_Networks,170
2020-10-01,Robotics,203
2020-11-01,Computer_Vision,1424
2020-11-01,General_AI,861
2020-11-01,LLM_NLP,596
2020-11-01,Machine_Learning,2249
2020-11-01,Neural_Networks,127
2020-11-01,Robotics,288
2020-12-01,Computer_Vision,1500
2020-12-01,General_AI,959
2020-12-01,LLM_NLP,610
2020-12-01,Machine_Learning,2227
2020-12-01,Neural_Networks,118
2020-12-01,Robotics,183
2021-01-01,Computer_Vision,1027
2021-01-01,General_AI,735
2021-01-01,LLM_NLP,483
2021-01-01,Machine_Learning,1726
2021-01-01,Neural_Networks,102
2021-01-01,Robotics,128
2021-02-01,Computer_Vision,933
2021-02-01,General_AI,988
2021-02-01,LLM_NLP,435
2021-02-01,Machine_Learning,2354
2021-02-01,Neural_Networks,144
2021-02-01,Robotics,142
2021-03-01,Computer_Vision,1874
2021-03-01,General_AI,1012
2021-03-01,LLM_NLP,539
2021-03-01,Machine_Learning,2248
2021-03-01,Neural_Networks,126
2021-03-01,Robotics,286
2021-04-01,Computer_Vision,1642
2021-04-01,General_AI,1027
2021-04-01,LLM_NLP,945
2021-04-01,Machine_Learning,2092
2021-04-01,Neural_Networks,127
2021-04-01,Robotics,173
2021-05-01,Computer_Vision,1335
2021-05-01,General_AI,975
2021-05-01,LLM_NLP,683
2021-05-01,Machine_Learning,2119
2021-05-01,Neural_Networks,126
2021-05-01,Robotics,157
2021-06-01,Computer_Vision,1616
2021-06-01,General_AI,1301
2021-06-01,LLM_NLP,903
2021-06-01,Machine_Learning,3105
2021-06-01,Neural_Networks,152
2021-06-01,Robotics,161
2021-07-01,Computer_Vision,1371
2021-07-01,General_AI,1020
2021-07-01,LLM_NLP,462
2021-07-01,Machine_Learning,2123
2021-07-01,Neural_Networks,108
2021-07-01,Robotics,190
2021-08-01,Computer_Vision,1462
2021-08-01,General_AI,894
2021-08-01,LLM_NLP,519
2021-08-01,Machine_Learning,1679
2021-08-01,Neural_Networks,95
2021-08-01,Robotics,163
2021-09-01,Computer_Vision,1289
2021-09-01,General_AI,1129
2021-09-01,LLM_NLP,1130
2021-09-01,Machine_Learning,2203
2021-09-01,Neural_Networks,118
2021-09-01,Robotics,243
2021-10-01,Computer_Vision,1611
2021-10-01,General_AI,1320
2021-10-01,LLM_NLP,872
2021-10-01,Machine_Learning,3038
2021-10-01,Neural_Networks,124
2021-10-01,Robotics,211
2021-11-01,Computer_Vision,1486
2021-11-01,General_AI,1039
2021-11-01,LLM_NLP,489
2021-11-01,Machine_Learning,2326
2021-11-01,Neural_Networks,108
2021-11-01,Robotics,160
2021-12-01,Computer_Vision,1557
2021-12-01,General_AI,1083
2021-12-01,LLM_NLP,623
2021-12-01,Machine_Learning,2241
2021-12-01,Neural_Networks,97
2021-12-01,Robotics,140
2022-01-01,Computer_Vision,1146
2022-01-01,General_AI,907
2022-01-01,LLM_NLP,471
2022-01-01,Machine_Learning,1944
2022-01-01,Neural_Networks,110
2022-01-01,Robotics,104
2022-02-01,Computer_Vision,1163
2022-02-01,General_AI,1105
2022-02-01,LLM_NLP,472
2022-02-01,Machine_Learning,2564
2022-02-01,Neural_Networks,121
2022-02-01,Robotics,159
2022-03-01,Computer_Vision,2269
2022-03-01,General_AI,1268
2022-03-01,LLM_NLP,882
2022-03-01,Machine_Learning,2559
2022-03-01,Neural_Networks,137
2022-03-01,Robotics,293
2022-04-01,Computer_Vision,1583
2022-04-01,General_AI,1094
2022-04-01,LLM_NLP,887
2022-04-01,Machine_Learning,2037
2022-04-01,Neural_Networks,162
2022-04-01,Robotics,135
2022-05-01,Computer_Vision,1476
2022-05-01,General_AI,1432
2022-05-01,LLM_NLP,1009
2022-05-01,Machine_Learning,2778
2022-05-01,Neural_Networks,147
2022-05-01,Robotics,174
2022-06-01,Computer_Vision,1611
2022-06-01,General_AI,1362
2022-06-01,LLM_NLP,568
2022-06-01,Machine_Learning,2959
2022-06-01,Neural_Networks,144
2022-06-01,Robotics,206
2022-07-01,Computer_Vision,1979
2022-07-01,General_AI,1182
2022-07-01,LLM_NLP,442
2022-07-01,Machine_Learning,2204
2022-07-01,Neural_Networks,101
2022-07-01,Robotics,182
2022-08-01,Computer_Vision,1452
2022-08-01,General_AI,943
2022-08-01,LLM_NLP,445
2022-08-01,Machine_Learning,1957
2022-08-01,Neural_Networks,118
2022-08-01,Robotics,109
2022-09-01,Computer_Vision,1534
2022-09-01,General_AI,1205
2022-09-01,LLM_NLP,626
2022-09-01,Machine_Learning,2290
2022-09-01,Neural_Networks,109
2022-09-01,Robotics,279
2022-10-01,Computer_Vision,1977
2022-10-01,General_AI,1730
2022-10-01,LLM_NLP,1427
2022-10-01,Machine_Learning,3349
2022-10-01,Neural_Networks,137
2022-10-01,Robotics,324
2022-11-01,Computer_Vision,1995
2022-11-01,General_AI,1425
2022-11-01,LLM_NLP,896
2022-11-01,Machine_Learning,2775
2022-11-01,Neural_Networks,134
2022-11-01,Robotics,196
2022-12-01,Computer_Vision,1507
2022-12-01,General_AI,1153
2022-12-01,LLM_NLP,846
2022-12-01,Machine_Learning,2085
2022-12-01,Neural_Networks,94
2022-12-01,Robotics,152
2023-01-01,Computer_Vision,1124
2023-01-01,General_AI,1055
2023-01-01,LLM_NLP,520
2023-01-01,Machine_Learning,2015
2023-01-01,Neural_Networks,97
2023-01-01,Robotics,154
2023-02-01,Computer_Vision,1323
2023-02-01,General_AI,1462
2023-02-01,LLM_NLP,715
2023-02-01,Machine_Learning,2737
2023-02-01,Neural_Networks,150
2023-02-01,Robotics,171
2023-03-01,Computer_Vision,2773
2023-03-01,General_AI,1635
2023-03-01,LLM_NLP,747
2023-03-01,Machine_Learning,2797
2023-03-01,Neural_Networks,136
2023-03-01,Robotics,323
2023-04-01,Computer_Vision,1973
2023-04-01,General_AI,1353
2023-04-01,LLM_NLP,729
2023-04-01,Machine_Learning,2272
2023-04-01,Neural_Networks,157
2023-04-01,Robotics,181
2023-05-01,Computer_Vision,2174
2023-05-01,General_AI,2382
2023-05-01,LLM_NLP,2371
2023-05-01,Machine_Learning,3503
2023-05-01,Neural_Networks,182
2023-05-01,Robotics,208
2023-06-01,Computer_Vision,1915
2023-06-01,General_AI,1906
2023-06-01,LLM_NLP,1231
2023-06-01,Machine_Learning,3277
2023-06-01,Neural_Networks,124
2023-06-01,Robotics,252
2023-07-01,Computer_Vision,1918
2023-07-01,General_AI,1644
2023-07-01,LLM_NLP,895
2023-07-01,Machine_Learning,2513
2023-07-01,Neural_Networks,102
2023-07-01,Robotics,219
2023-08-01,Computer_Vision,2286
2023-08-01,General_AI,1809
2023-08-01,LLM_NLP,884
2023-08-01,Machine_Learning,2403
2023-08-01,Neural_Networks,116
2023-08-01,Robotics,231
2023-09-01,Computer_Vision,2096
2023-09-01,General_AI,1864
2023-09-01,LLM_NLP,1096
2023-09-01,Machine_Learning,2685
2023-09-01,Neural_Networks,109
2023-09-01,Robotics,365
2023-10-01,Computer_Vision,2044
2023-10-01,General_AI,2522
2023-10-01,LLM_NLP,1966
2023-10-01,Machine_Learning,3834
2023-10-01,Neural_Networks,139
2023-10-01,Robotics,317
2023-11-01,Computer_Vision,2392
2023-11-01,General_AI,2140
2023-11-01,LLM_NLP,1445
2023-11-01,Machine_Learning,2930
2023-11-01,Neural_Networks,115
2023-11-01,Robotics,256
2023-12-01,Computer_Vision,2505
2023-12-01,General_AI,2084
2023-12-01,LLM_NLP,1002
2023-12-01,Machine_Learning,2863
2023-12-01,Neural_Networks,143
2023-12-01,Robotics,244
2024-01-01,Computer_Vision,1793
2024-01-01,General_AI,1957
2024-01-01,LLM_NLP,1204
2024-01-01,Machine_Learning,2500
2024-01-01,Neural_Networks,147
2024-01-01,Robotics,188
2024-02-01,Computer_Vision,1846
2024-02-01,General_AI,2756
2024-02-01,LLM_NLP,2112
2024-02-01,Machine_Learning,4038
2024-02-01,Neural_Networks,193
2024-02-01,Robotics,263
2024-03-01,Computer_Vision,3163
2024-03-01,General_AI,2576
2024-03-01,LLM_NLP,1698
2024-03-01,Machine_Learning,3226
2024-03-01,Neural_Networks,133
2024-03-01,Robotics,409
2024-04-01,Computer_Vision,2576
2024-04-01,General_AI,2417
2024-04-01,LLM_NLP,1583
2024-04-01,Machine_Learning,2827
2024-04-01,Neural_Networks,174
2024-04-01,Robotics,296
2024-05-01,Computer_Vision,2461
2024-05-01,General_AI,2810
2024-05-01,LLM_NLP,1618
2024-05-01,Machine_Learning,3859
2024-05-01,Neural_Networks,174
2024-05-01,Robotics,303
2024-06-01,Computer_Vision,2510
2024-06-01,General_AI,3251
2024-06-01,LLM_NLP,2454
2024-06-01,Machine_Learning,3860
2024-06-01,Neural_Networks,173
2024-06-01,Robotics,262
2024-07-01,Computer_Vision,2855
2024-07-01,General_AI,2692
2024-07-01,LLM_NLP,1620
2024-07-01,Machine_Learning,2977
2024-07-01,Neural_Networks,158
2024-07-01,Robotics,306
2024-08-01,Computer_Vision,2254
2024-08-01,General_AI,2385
2024-08-01,LLM_NLP,1295
2024-08-01,Machine_Learning,2607
2024-08-01,Neural_Networks,125
2024-08-01,Robotics,211
2024-09-01,Computer_Vision,2556
2024-09-01,General_AI,2650
2024-09-01,LLM_NLP,1502
2024-09-01,Machine_Learning,3030
2024-09-01,Neural_Networks,124
2024-09-01,Robotics,401
2024-10-01,Computer_Vision,2771
2024-10-01,General_AI,3815
2024-10-01,LLM_NLP,2631
2024-10-01,Machine_Learning,4898
2024-10-01,Neural_Networks,159
2024-10-01,Robotics,414
2024-11-01,Computer_Vision,2683
2024-11-01,General_AI,2651
2024-11-01,LLM_NLP,1307
2024-11-01,Machine_Learning,3319
2024-11-01,Neural_Networks,154
2024-11-01,Robotics,325
2024-12-01,Computer_Vision,3116
2024-12-01,General_AI,3076
2024-12-01,LLM_NLP,1665
2024-12-01,Machine_Learning,3413
2024-12-01,Neural_Networks,141
2024-12-01,Robotics,327
2025-01-01,Computer_Vision,2052
2025-01-01,General_AI,2485
2025-01-01,LLM_NLP,1312
2025-01-01,Machine_Learning,3060
2025-01-01,Neural_Networks,142
2025-01-01,Robotics,238
2025-02-01,Computer_Vision,2232
2025-02-01,General_AI,3761
2025-02-01,LLM_NLP,2476
2025-02-01,Machine_Learning,4413
2025-02-01,Neural_Networks,114
2025-02-01,Robotics,354
2025-03-01,Computer_Vision,3909
2025-03-01,General_AI,3406
2025-03-01,LLM_NLP,1878
2025-03-01,Machine_Learning,3745
2025-03-01,Neural_Networks,124
2025-03-01,Robotics,578
2025-04-01,Computer_Vision,2564
2025-04-01,General_AI,3031
2025-04-01,LLM_NLP,1606
2025-04-01,Machine_Learning,3065
2025-04-01,Neural_Networks,148
2025-04-01,Robotics,351
2025-05-01,Computer_Vision,3290
2025-05-01,General_AI,4806
2025-05-01,LLM_NLP,2954
2025-05-01,Machine_Learning,5150
2025-05-01,Neural_Networks,187
2025-05-01,Robotics,476
2025-06-01,Computer_Vision,3048
2025-06-01,General_AI,3950
2025-06-01,LLM_NLP,2324
2025-06-01,Machine_Learning,4085
2025-06-01,Neural_Networks,148
2025-06-01,Robotics,409
2025-07-01,Computer_Vision,2862
2025-07-01,General_AI,3474
2025-07-01,LLM_NLP,1639
2025-07-01,Machine_Learning,3494
2025-07-01,Neural_Networks,128
2025-07-01,Robotics,336
2025-08-01,Computer_Vision,2992
2025-08-01,General_AI,3825
2025-08-01,LLM_NLP,1830
2025-08-01,Machine_Learning,3405
2025-08-01,Neural_Networks,127
2025-08-01,Robotics,332
2025-09-01,Computer_Vision,2978
2025-09-01,General_AI,4260
2025-09-01,LLM_NLP,2232
2025-09-01,Machine_Learning,4286
2025-09-01,Neural_Networks,103
2025-09-01,Robotics,463
2025-10-01,Computer_Vision,2887
2025-10-01,General_AI,4844
2025-10-01,LLM_NLP,2591
2025-10-01,Machine_Learning,4984
2025-10-01,Neural_Networks,139
2025-10-01,Robotics,434
2025-11-01,Computer_Vision,3248
2025-11-01,General_AI,3920
2025-11-01,LLM_NLP,1581
2025-11-01,Machine_Learning,3890
2025-11-01,Neural_Networks,125
2025-11-01,Robotics,362
2025-12-01,Computer_Vision,2914
2025-12-01,General_AI,3374
2025-12-01,LLM_NLP,1330
2025-12-01,Machine_Learning,3357
2025-12-01,Neural_Networks,127
2025-12-01,Robotics,358
2026-01-01,Computer_Vision,2444
2026-01-01,General_AI,4200
2026-01-01,LLM_NLP,2237
2026-01-01,Machine_Learning,3819
2026-01-01,Neural_Networks,149
2026-01-01,Robotics,278
2026-02-01,Computer_Vision,2670
2026-02-01,General_AI,4446
2026-02-01,LLM_NLP,1993
2026-02-01,Machine_Learning,4768
2026-02-01,Neural_Networks,136
2026-02-01,Robotics,405
2026-03-01,Computer_Vision,4058
2026-03-01,General_AI,5012
2026-03-01,LLM_NLP,2104
2026-03-01,Machine_Learning,4421
2026-03-01,Neural_Networks,133
2026-03-01,Robotics,583
2026-04-01,Computer_Vision,3282
2026-04-01,General_AI,4717
2026-04-01,LLM_NLP,2336
2026-04-01,Machine_Learning,3983
2026-04-01,Neural_Networks,188
2026-04-01,Robotics,379
2026-05-01,Computer_Vision,1711
2026-05-01,General_AI,2960
2026-05-01,LLM_NLP,1199
2026-05-01,Machine_Learning,3170
2026-05-01,Neural_Networks,86
2026-05-01,Robotics,217
