ticker,cik,fiscal_year,fiscal_period_end,rd_expense_usd,form,tag_used
AAPL,320193,2007,2007/9/29,782000000,10-K,ResearchAndDevelopmentExpense
AAPL,320193,2008,2008/9/27,1109000000,10-K,ResearchAndDevelopmentExpense
AAPL,320193,2009,2009/9/26,1333000000,10-K,ResearchAndDevelopmentExpense
AAPL,320193,2010,2010/9/25,1782000000,10-K,ResearchAndDevelopmentExpense
AAPL,320193,2011,2011/9/24,2429000000,10-K,ResearchAndDevelopmentExpense
AAPL,320193,2012,2012/9/28,3381000000,10-K,ResearchAndDevelopmentExpense
AAPL,320193,2013,2013/9/28,4475000000,10-K,ResearchAndDevelopmentExpense
AAPL,320193,2014,2014/9/27,6041000000,10-K,ResearchAndDevelopmentExpense
AAPL,320193,2015,2015/9/26,8067000000,10-K,ResearchAndDevelopmentExpense
AAPL,320193,2016,2016/9/24,10045000000,10-K,ResearchAndDevelopmentExpense
AAPL,320193,2017,2017/9/30,11581000000,10-K,ResearchAndDevelopmentExpense
AAPL,320193,2018,2018/9/29,14236000000,10-K,ResearchAndDevelopmentExpense
AAPL,320193,2019,2019/9/28,16217000000,10-K,ResearchAndDevelopmentExpense
AAPL,320193,2020,2020/9/26,18752000000,10-K,ResearchAndDevelopmentExpense
AAPL,320193,2021,2021/9/25,21914000000,10-K,ResearchAndDevelopmentExpense
AAPL,320193,2022,2022/9/24,26251000000,10-K,ResearchAndDevelopmentExpense
AAPL,320193,2023,2023/9/30,29915000000,10-K,ResearchAndDevelopmentExpense
AAPL,320193,2024,2024/9/28,31370000000,10-K,ResearchAndDevelopmentExpense
AAPL,320193,2025,2025/9/27,34550000000,10-K,ResearchAndDevelopmentExpense
AMZN,1018724,2017,2017/12/31,22600000000,10-K,Technology and Content
AMZN,1018724,2018,2018/12/31,22620000000,10-K,Technology and Content
AMZN,1018724,2019,2019/12/31,35931000000,10-K,Technology and Content
AMZN,1018724,2020,2020/12/31,42740000000,10-K,Technology and Content
AMZN,1018724,2021,2021/12/31,56052000000,10-K,Technology and Content
AMZN,1018724,2022,2022/12/31,73213000000,10-K,Technology and Content
AMZN,1018724,2023,2023/12/31,85622000000,10-K,Technology and Content
AMZN,1018724,2024,2024/12/31,88544000000,10-K,Technology and Content
AMZN,1018724,2025,2025/12/31,1.09E+11,10-K,Technology and Content
AVGO,1730168,2016,2016/10/30,2674000000,10-K,ResearchAndDevelopmentExpense
AVGO,1730168,2017,2017/10/29,3302000000,10-K,ResearchAndDevelopmentExpense
AVGO,1730168,2018,2018/11/4,3768000000,10-K,ResearchAndDevelopmentExpense
AVGO,1730168,2019,2019/11/3,4696000000,10-K,ResearchAndDevelopmentExpense
AVGO,1730168,2020,2020/11/1,4968000000,10-K,ResearchAndDevelopmentExpense
AVGO,1730168,2021,2021/10/31,4854000000,10-K,ResearchAndDevelopmentExpense
AVGO,1730168,2022,2022/10/30,4919000000,10-K,ResearchAndDevelopmentExpense
AVGO,1730168,2023,2023/10/29,5253000000,10-K,ResearchAndDevelopmentExpense
AVGO,1730168,2024,2024/11/3,9310000000,10-K,ResearchAndDevelopmentExpense
AVGO,1730168,2025,2025/11/2,10977000000,10-K,ResearchAndDevelopmentExpense
GOOGL,1652044,2013,2013/12/31,7137000000,10-K,ResearchAndDevelopmentExpense
GOOGL,1652044,2014,2014/12/31,9832000000,10-K,ResearchAndDevelopmentExpense
GOOGL,1652044,2015,2015/12/31,12282000000,10-K,ResearchAndDevelopmentExpense
GOOGL,1652044,2016,2016/12/31,13948000000,10-K,ResearchAndDevelopmentExpense
GOOGL,1652044,2017,2017/12/31,16625000000,10-K,ResearchAndDevelopmentExpense
GOOGL,1652044,2018,2018/12/31,21419000000,10-K,ResearchAndDevelopmentExpense
GOOGL,1652044,2019,2019/12/31,26018000000,10-K,ResearchAndDevelopmentExpense
GOOGL,1652044,2020,2020/12/31,27573000000,10-K,ResearchAndDevelopmentExpense
GOOGL,1652044,2021,2021/12/31,31562000000,10-K,ResearchAndDevelopmentExpense
GOOGL,1652044,2022,2022/12/31,39500000000,10-K,ResearchAndDevelopmentExpense
GOOGL,1652044,2023,2023/12/31,45427000000,10-K,ResearchAndDevelopmentExpense
GOOGL,1652044,2024,2024/12/31,49326000000,10-K,ResearchAndDevelopmentExpense
GOOGL,1652044,2025,2025/12/31,61090000000,10-K,ResearchAndDevelopmentExpense
META,1326801,2010,2010/12/31,144000000,10-K,ResearchAndDevelopmentExpense
META,1326801,2011,2011/12/31,388000000,10-K,ResearchAndDevelopmentExpense
META,1326801,2012,2012/12/31,1399000000,10-K,ResearchAndDevelopmentExpense
META,1326801,2013,2013/12/31,1415000000,10-K,ResearchAndDevelopmentExpense
META,1326801,2014,2014/12/31,2666000000,10-K,ResearchAndDevelopmentExpense
META,1326801,2015,2015/12/31,4816000000,10-K,ResearchAndDevelopmentExpense
META,1326801,2016,2016/12/31,5919000000,10-K,ResearchAndDevelopmentExpense
META,1326801,2017,2017/12/31,7754000000,10-K,ResearchAndDevelopmentExpense
META,1326801,2018,2018/12/31,10273000000,10-K,ResearchAndDevelopmentExpense
META,1326801,2019,2019/12/31,13600000000,10-K,ResearchAndDevelopmentExpense
META,1326801,2020,2020/12/31,18447000000,10-K,ResearchAndDevelopmentExpense
META,1326801,2021,2021/12/31,24655000000,10-K,ResearchAndDevelopmentExpense
META,1326801,2022,2022/12/31,35338000000,10-K,ResearchAndDevelopmentExpense
META,1326801,2023,2023/12/31,38483000000,10-K,ResearchAndDevelopmentExpense
META,1326801,2024,2024/12/31,43873000000,10-K,ResearchAndDevelopmentExpense
META,1326801,2025,2025/12/31,57370000000,10-K,ResearchAndDevelopmentExpense
MSFT,789019,2008,2008/6/30,8164000000,10-K,ResearchAndDevelopmentExpense
MSFT,789019,2009,2009/6/30,9010000000,10-K,ResearchAndDevelopmentExpense
MSFT,789019,2010,2010/6/30,8714000000,10-K,ResearchAndDevelopmentExpense
MSFT,789019,2011,2011/6/30,9043000000,10-K,ResearchAndDevelopmentExpense
MSFT,789019,2012,2012/6/30,9811000000,10-K,ResearchAndDevelopmentExpense
MSFT,789019,2013,2013/6/30,10411000000,10-K,ResearchAndDevelopmentExpense
MSFT,789019,2014,2014/6/30,11381000000,10-K,ResearchAndDevelopmentExpense
MSFT,789019,2015,2015/6/30,12046000000,10-K,ResearchAndDevelopmentExpense
MSFT,789019,2016,2016/6/30,11988000000,10-K,ResearchAndDevelopmentExpense
MSFT,789019,2017,2017/6/30,13037000000,10-K,ResearchAndDevelopmentExpense
MSFT,789019,2018,2018/6/30,14726000000,10-K,ResearchAndDevelopmentExpense
MSFT,789019,2019,2019/6/30,16876000000,10-K,ResearchAndDevelopmentExpense
MSFT,789019,2020,2020/6/30,19269000000,10-K,ResearchAndDevelopmentExpense
MSFT,789019,2021,2021/6/30,20716000000,10-K,ResearchAndDevelopmentExpense
MSFT,789019,2022,2022/6/30,24512000000,10-K,ResearchAndDevelopmentExpense
MSFT,789019,2023,2023/6/30,27195000000,10-K,ResearchAndDevelopmentExpense
MSFT,789019,2024,2024/6/30,29510000000,10-K,ResearchAndDevelopmentExpense
MSFT,789019,2025,2025/6/30,32488000000,10-K,ResearchAndDevelopmentExpense
NVDA,1045810,2009,2009/1/25,855879000,10-K,ResearchAndDevelopmentExpense
NVDA,1045810,2010,2010/1/31,908851000,10-K,ResearchAndDevelopmentExpense
NVDA,1045810,2011,2011/1/30,848830000,10-K,ResearchAndDevelopmentExpense
NVDA,1045810,2012,2012/1/29,1002605000,10-K,ResearchAndDevelopmentExpense
NVDA,1045810,2013,2013/1/27,1147282000,10-K,ResearchAndDevelopmentExpense
NVDA,1045810,2014,2014/1/26,1336000000,10-K,ResearchAndDevelopmentExpense
NVDA,1045810,2015,2015/1/25,1360000000,10-K,ResearchAndDevelopmentExpense
NVDA,1045810,2016,2016/1/31,1331000000,10-K,ResearchAndDevelopmentExpense
NVDA,1045810,2017,2017/1/29,1463000000,10-K,ResearchAndDevelopmentExpense
NVDA,1045810,2018,2018/1/28,1797000000,10-K,ResearchAndDevelopmentExpense
NVDA,1045810,2019,2019/1/27,2376000000,10-K,ResearchAndDevelopmentExpense
NVDA,1045810,2020,2020/1/26,2829000000,10-K,ResearchAndDevelopmentExpense
NVDA,1045810,2021,2021/1/31,3924000000,10-K,ResearchAndDevelopmentExpense
NVDA,1045810,2022,2022/1/30,5268000000,10-K,ResearchAndDevelopmentExpense
NVDA,1045810,2023,2023/1/29,7339000000,10-K,ResearchAndDevelopmentExpense
NVDA,1045810,2024,2024/1/28,8675000000,10-K,ResearchAndDevelopmentExpense
NVDA,1045810,2025,2025/1/26,12914000000,10-K,ResearchAndDevelopmentExpense
TSLA,1318605,2009,2009/12/31,19282000,10-K,ResearchAndDevelopmentExpense
TSLA,1318605,2010,2010/12/31,92996000,10-K,ResearchAndDevelopmentExpense
TSLA,1318605,2011,2011/12/31,208981000,10-K,ResearchAndDevelopmentExpense
TSLA,1318605,2012,2012/12/31,273978000,10-K,ResearchAndDevelopmentExpense
TSLA,1318605,2013,2013/12/31,231976000,10-K,ResearchAndDevelopmentExpense
TSLA,1318605,2014,2014/12/31,464700000,10-K,ResearchAndDevelopmentExpense
TSLA,1318605,2015,2015/12/31,717900000,10-K,ResearchAndDevelopmentExpense
TSLA,1318605,2016,2016/12/31,834408000,10-K,ResearchAndDevelopmentExpense
TSLA,1318605,2017,2017/12/31,1378000000,10-K,ResearchAndDevelopmentExpense
TSLA,1318605,2018,2018/12/31,1460000000,10-K,ResearchAndDevelopmentExpense
TSLA,1318605,2019,2019/12/31,1343000000,10-K,ResearchAndDevelopmentExpense
TSLA,1318605,2020,2020/12/31,1491000000,10-K,ResearchAndDevelopmentExpense
TSLA,1318605,2021,2021/12/31,2593000000,10-K,ResearchAndDevelopmentExpense
TSLA,1318605,2022,2022/12/31,3075000000,10-K,ResearchAndDevelopmentExpense
TSLA,1318605,2023,2023/12/31,3969000000,10-K,ResearchAndDevelopmentExpense
TSLA,1318605,2024,2024/12/31,4540000000,10-K,ResearchAndDevelopmentExpense
TSLA,1318605,2025,2025/12/31,6411000000,10-K,ResearchAndDevelopmentExpense
