ticker,year,n_papers,total_citations,annual_return,sp500_return,excess_return,rd_b,patents,models,paper_share,d_papers,d_share,d_rd,d_patents,d_models,L_d_papers,L_d_share,L_d_patents,L_d_models,post
AAPL,2019,12,152,0.8874254313515385,0.287147959023383,0.6002774723281554,16.217,8128,0,0.00358530026889752,0.7731898882334818,0.19685540301386606,0.13028610708929111,0.10456796017162162,-0.6931471805599453,0.6931471805599452,0.27255049758287164,-0.03779597558179404,0.6931471805599453,0
AAPL,2020,36,1702,0.7823998923313739,0.15292906541696086,0.629470826914413,18.752,9430,0,0.007810804946843133,1.0459685551826876,0.7786657971589284,0.14524033865736463,0.14858120580923995,0,0.7731898882334818,0.19685540301386606,0.10456796017162162,-0.6931471805599453,0
AAPL,2021,22,827,0.38060961325105325,0.28793058018340584,0.09267903306764741,21.914,9464,1,0.005736636245110821,-0.4754236967150747,-0.30863500617864226,0.1558252885885998,0.0035990300307187084,0.6931471805599453,1.0459685551826876,0.7786657971589284,0.14858120580923995,0,0
AAPL,2022,10,2300,-0.2819950745442744,-0.19953050663444413,-0.08246456790983028,26.251,10097,1,0.006644518272425249,-0.737598943130779,0.14691917625411044,0.1805783815669213,0.06474322334609894,0,-0.4754236967150747,-0.30863500617864226,0.0035990300307187084,0.6931471805599453,1
AAPL,2023,12,746,0.5479824238705823,0.2472948720788867,0.3006875517916956,29.915,12006,2,0.007926023778071334,0.16705408466316607,0.17635929997953603,0.13065594329187213,0.1731681748074667,0.4054651081081645,-0.737598943130779,0.14691917625411044,0.06474322334609894,0,1
AAPL,2024,11,456,0.3555637480849847,0.24010976272160814,0.11545398536337656,31.37,13404,10,0.007236842105263158,-0.08004270767353638,-0.09096655683255772,0.04749199536059168,0.11014664504541294,1.2992829841302609,0.16705408466316607,0.17635929997953603,0.1731681748074667,0.4054651081081645,1
AAPL,2025,7,91,0.1249334755460484,0.1751182939380753,-0.05018481839202689,34.55,12331,1,0.004464285714285714,-0.4054651081081646,-0.48307571081308787,0.09655552801109213,-0.08343675298667108,-1.7047480922384253,-0.08004270767353638,-0.09096655683255772,0.11014664504541294,1.2992829841302609,1
AMZN,2019,151,5561,0.2005743720383446,0.287147959023383,-0.08657358698503842,35.931,3840,6,0.04511502838362713,1.034896474282002,0.36837458892276853,0.4627659619455047,0.10912918224324741,1.9459101490553132,0.523248143764548,-0.10743552522430777,-0.0198424914164832,0,0
AMZN,2020,220,8554,0.7159709483183182,0.15292906541696086,0.5630418829013574,42.74,3680,0,0.0477326968973747,0.374282180671476,0.056401218028255595,0.17353481725752262,-0.04255961441879563,-1.9459101490553132,1.034896474282002,0.36837458892276853,0.10912918224324741,1.9459101490553132,0
AMZN,2021,182,5133,0.04635303236972332,0.28793058018340584,-0.24157754781368251,56.052,2994,2,0.04745762711864407,-0.1886765486763311,-0.005779380356414787,0.27114458141696973,-0.2063024661834021,1.0986122886681098,0.374282180671476,0.056401218028255595,-0.04255961441879563,-1.9459101490553132,0
AMZN,2022,49,8086,-0.5070552576558551,-0.19953050663444413,-0.30752475102141097,73.213,2785,2,0.03255813953488372,-1.2974631474132754,-0.3768098523477881,0.26709316951947315,-0.07236241261818943,0,-0.1886765486763311,-0.005779380356414787,-0.2063024661834021,1.0986122886681098,1
AMZN,2023,34,1688,0.7704498133500892,0.2472948720788867,0.5231549412712025,85.622,2445,4,0.022457067371202115,-0.35667494393873245,-0.3714220303088833,0.15656925864480176,-0.13020275045241192,0.5108256237659905,-1.2974631474132754,-0.3768098523477881,-0.07236241261818943,0,1
AMZN,2024,33,1149,0.4632829327489677,0.24010976272160814,0.22317317002735956,88.544,2293,7,0.021710526315789475,-0.02898753687325195,-0.033808142992608925,0.03355734413226852,-0.06418411905106858,0.47000362924573547,-0.35667494393873245,-0.3714220303088833,-0.13020275045241192,0.5108256237659905,1
AMZN,2025,30,271,0.05589863541167065,0.1751182939380753,-0.11921965852640465,109,2104,6,0.01913265306122449,-0.09237332013101529,-0.12640076687435586,0.2078482786246285,-0.08602070900030334,-0.13353139262452252,-0.02898753687325195,-0.033808142992608925,-0.06418411905106858,0.47000362924573547,1
GOOGL,2019,728,185420,0.26994896789225026,0.287147959023383,-0.017198991131132768,26.018,8729,32,0.21750821631311623,0.8171221864642497,0.14024659072663614,0.19451022759036185,-0.18081203601891893,0.09531017980432477,0.6869552103120249,0.046296523854269855,0.09018898148808852,0.2657031657330058,0
GOOGL,2020,896,427506,0.2805331637937905,0.15292906541696086,0.12760409837682965,27.573,8362,28,0.19440225645476242,0.20738213005013773,-0.11230712673093723,0.05804842686471501,-0.04295318281883986,-0.1292117314800061,0.8171221864642497,0.14024659072663614,-0.18081203601891893,0.09531017980432477,0
GOOGL,2021,654,85782,0.6783437537545781,0.28793058018340584,0.3904131735711723,31.562,7963,39,0.17053455019556715,-0.3144206264235443,-0.13099158259858013,0.135116832281859,-0.048891819659065305,0.3215836241274621,0.20738213005013773,-0.11230712673093723,-0.04295318281883986,-0.1292117314800061,0
GOOGL,2022,101,25642,-0.39148147373945424,-0.19953050663444413,-0.1919509671050101,39.5,8110,38,0.06710963455149502,-1.859662422350981,-0.9326102979975588,0.22434680658113493,0.01829205485201335,-0.025317807984289953,-0.3144206264235443,-0.13099158259858013,-0.048891819659065305,0.3215836241274621,1
GOOGL,2023,101,7479,0.5674369416780761,0.2472948720788867,0.32014206959918945,45.427,9139,50,0.0667107001321004,0,-0.005962256814417977,0.13980597002452955,0.11945310216274407,0.2682639865946794,-1.859662422350981,-0.9326102979975588,0.01829205485201335,-0.025317807984289953,1
GOOGL,2024,99,25876,0.3750178434590277,0.24010976272160814,0.13490808073741958,49.326,10119,62,0.06513157894736842,-0.019802627296178876,-0.02395584654959748,0.08234468346644563,0.10186387445755685,0.21130909366720685,0,-0.005962256814417977,0.11945310216274407,0.2682639865946794,1
GOOGL,2025,73,1640,0.6633014103746312,0.1751182939380753,0.4881831164365559,61.09,9129,59,0.046556122448979595,-0.3011050927839216,-0.33575099605622993,0.21389686126362406,-0.10295868516467799,-0.04879016416943216,-0.019802627296178876,-0.02395584654959748,0.10186387445755685,0.21130909366720685,1
META,2019,210,34728,0.5127508759235281,0.287147959023383,0.22560291690014506,13.6,3185,23,0.06304152972811473,0.5896841986783103,-0.09743982532963225,0.28055069850787984,0.28674060054794026,1.3862943611198908,0.7548407495652851,0.13796034361010712,-0.11968651588477286,-0.15415067982725827,0
META,2020,322,47941,0.3021260099905484,0.15292906541696086,0.14919694457358754,18.447,2910,16,0.06986331091343025,0.4257941897465898,0.10274692055916024,0.30483196289743564,-0.09029920784072676,-0.3448404862917296,0.5896841986783103,-0.09743982532963225,0.28674060054794026,1.3862943611198908,0
META,2021,269,24301,0.25065101739408685,0.28793058018340584,-0.03727956278931899,24.655,3055,19,0.07014341590612777,-0.1792303642242814,0.004001312976582572,0.29007796403664754,0.048626511440157394,0.1625189294977747,0.4257941897465898,0.10274692055916024,-0.09029920784072676,-0.3448404862917296,0
META,2022,23,591,-0.644532412977565,-0.19953050663444413,-0.44500190634312087,35.338,3073,38,0.015282392026578074,-2.4203681286504293,-1.5238406270543088,0.35997915251836865,0.005874690524789727,0.6678293725756554,-0.1792303642242814,0.004001312976582572,0.048626511440157394,0.1625189294977747,1
META,2023,15,708,1.8375824019482927,0.2472948720788867,1.590287529869406,38.483,3165,25,0.009907529722589167,-0.4054651081081646,-0.43340627164135803,0.08525771314208619,0.02949877244779131,-0.40546510810816416,-2.4203681286504293,-1.5238406270543088,0.005874690524789727,0.6678293725756554,1
META,2024,6,136,0.6972671430729726,0.24010976272160814,0.45715738035136444,43.873,2057,29,0.003947368421052632,-0.8266785731844679,-0.9202459117170827,0.13108251136491722,-0.43090444492531876,0.14310084364067333,-0.4054651081081646,-0.43340627164135803,0.02949877244779131,-0.40546510810816416,1
META,2025,4,8,0.1148286983339527,0.1751182939380753,-0.06028959560412259,57.37,1559,9,0.002551020408163265,-0.33647223662121295,-0.43655569517819526,0.26822242191231815,-0.2772040205951809,-1.0986122886681096,-0.8266785731844679,-0.9202459117170827,-0.43090444492531876,0.14310084364067333,1
MSFT,2019,417,55885,0.5825922144550276,0.287147959023383,0.2954442554316446,19.269,10992,9,0.12458918434418882,0.5974021236015608,-0.07924911609547225,0.13260509268167286,0.030387930443950495,0.9162907318741553,0.4752346786632886,-0.16584528833830436,-0.146471317761101,-0.2231435513142097,0
MSFT,2020,552,47257,0.3994288614413636,0.15292906541696086,0.24649979602440272,20.716,9824,8,0.1197656758515947,0.2798765689975786,-0.03948466703088771,0.07240876161788012,-0.11233936407520595,-0.10536051565782634,0.5974021236015608,-0.07924911609547225,0.030387930443950495,0.9162907318741553,0
MSFT,2021,437,48208,0.5578993664211733,0.28793058018340584,0.2699687862377675,24.512,8905,21,0.11395045632333768,-0.2331390911458886,-0.049773372262353455,0.16825644499653558,-0.09821545466316195,0.8938178760220965,0.2798765689975786,-0.03948466703088771,-0.11233936407520595,-0.10536051565782634,0
MSFT,2022,124,46094,-0.2768718283449489,-0.19953050663444413,-0.07734132171050476,27.195,8168,14,0.0823920265780731,-1.2539051730741448,-0.3242750928721727,0.10387033931674328,-0.08638883587926038,-0.382992252256106,-0.2331390911458886,-0.049773372262353455,-0.09821545466316195,0.8938178760220965,1
MSFT,2023,98,8431,0.5834974071984289,0.2472948720788867,0.33620253511954223,29.51,7961,22,0.06472919418758256,-0.23319388716771172,-0.24127634374888274,0.08169605607992425,-0.025669460755922913,0.4274440148269396,-1.2539051730741448,-0.3242750928721727,-0.08638883587926038,-0.382992252256106,1
MSFT,2024,84,6827,0.14501570206039788,0.24010976272160814,-0.09509406066121026,32.488,7998,36,0.05526315789473684,-0.15246859364427312,-0.15810585967018653,0.09614160142914852,0.0046368903181850385,0.4754236967150747,-0.23319388716771172,-0.24127634374888274,-0.025669460755922913,0.4274440148269396,1
NVDA,2019,59,5606,0.7340989311353814,0.287147959023383,0.44695097211199836,2.829,494,6,0.017627726322079474,0.5679840376059389,-0.09758345190079432,0.17450489081903175,0.3247997354082841,1.252762968495368,0.8873031950009032,0.28781796971366,-0.36643111888409763,-0.4054651081081645,0
NVDA,2020,99,17447,1.180241311399999,0.15292906541696086,1.0273122459830382,3.924,677,1,0.021479713603818614,0.5108256237659914,0.19763591471968844,0.3271882493836864,0.31513575572435215,-1.252762968495368,0.5679840376059389,-0.09758345190079432,0.3247997354082841,1.252762968495368,0
NVDA,2021,80,7118,1.2447619821404374,0.28793058018340584,0.9568314019570316,5.268,1138,15,0.020860495436766623,-0.21072103131565267,-0.02925173654155655,0.29453924217791805,0.5193563417740013,2.0794415416798357,0.5108256237659914,0.19763591471968844,0.31513575572435215,-1.252762968495368,0
NVDA,2022,24,8782,-0.5143699246765451,-0.19953050663444413,-0.3148394180421009,7.339,1840,6,0.015946843853820596,-1.1755733298042386,-0.26859626770755574,0.33155180968189124,0.48049323591675464,-0.8266785731844679,-0.21072103131565267,-0.02925173654155655,0.5193563417740013,2.0794415416798357,1
NVDA,2023,26,6842,2.4609833005225035,0.2472948720788867,2.213688428443617,8.675,2058,6,0.017173051519154558,0.07696104113612856,0.07408045085911841,0.1672427322699972,0.111969065790964,0,-1.1755733298042386,-0.26859626770755574,0.48049323591675464,-0.8266785731844679,1
NVDA,2024,29,1815,1.788741347832678,0.24010976272160814,1.5486315851110697,12.914,1902,28,0.019078947368421053,0.10536051565782634,0.10524411212206397,0.3978666683713521,-0.07882867328865917,1.421385680931161,0.07696104113612856,0.07408045085911841,0.111969065790964,0,1
